Log_Date,Log_Time,Time,Depth,Ax,Ay,Az,pitch,roll,yaw,velocityx,velocityy,velocityz,distancex,distancey,distancez,rpm,rudderangle,sternangle
07.08.2026,03:21:00,74306,0,0,0,0,0,0,0,0,0,0,0,0,0,1000,-50,-40
07.08.2026,03:21:00,74412,0,0,0,0,0,0,0,0,0,0,0,0,0,1000,-50,-40
07.08.2026,03:21:00,74518,0,0,0,0,0,0,0,0,0,0,0,0,0,1000,-50,-40
07.08.2026,03:21:00,74624,0,0,0,0,0,0,0,0,0,0,0,0,0,1000,-50,-40
07.08.2026,03:21:00,74730,0,0,0,0,0,0,0,0,0,0,0,0,0,1000,-50,-40
07.08.2026,03:21:00,74836,0,0,0,0,0,0,0,0,0,0,0,0,0,1000,-50,-40
07.08.2026,03:21:00,74942,0,0,0,0,0,0,0,0,0,0,0,0,0,1000,-50,-40
07.08.2026,03:21:00,75048,0,0,0,0,0,0,0,0,0,0,0,0,0,1000,-50,-40
07.08.2026,03:21:00,75154,0,0,0,0,0,0,0,0,0,0,0,0,0,1000,-50,-40
07.08.2026,03:21:00,75260,0,0,0,0,-7,0,90,0,0,0,0,0,0,1000,-50,-40
07.08.2026,03:21:00,75366,0,-0.21,-0.11,-0.39,-7.1875,0.625,89.625,0,0,0,0,0,0,1000,-50,-23.625
07.08.2026,03:21:00,75472,0,-0.099599,0.04,-0.52,-6.625,-0.625,89.25,-0.012463,0,0,-0.001246,0,0,1000,-50,-25.125
07.08.2026,03:21:00,75578,0,0.120944,0.13,-0.4,-6.6875,-0.125,88.9375,-0.016897,0,0,-0.002936,0,0,1000,-50,-24.78125
07.08.2026,03:21:00,75684,0,0.081093,0.19,-0.32,-7,-0.3125,88.6875,-0.004631,0,0,-0.003399,0,0,1000,-50,-23.875
07.08.2026,03:21:00,75790,0,-0.239097,0.34,-0.3,-7.25,-0.5625,88.625,0.005914,0,0,-0.002808,0,0,1000,-50,-22.9375
07.08.2026,03:21:00,75896,0,-0.218971,0.3,-0.4,-7.5625,-0.6875,88.3125,-0.003925,0,0,-0.0032,0,0,1000,-50,-22
07.08.2026,03:21:00,76002,0,-0.478045,0.19,0,-7.75,-0.875,87.4375,-0.058479,0,0,-0.011926,0,0,1000,-50,-21.75
07.08.2026,03:21:00,76108,0,0.615787,-0.18,-0.36,-7.6875,1.0625,85.0625,-0.060687,0,0,-0.017995,0,0,1000,-50,-21.75
07.08.2026,03:21:00,76214,0,0.335892,-0.2,-0.19,-7,0.4375,83.4375,-0.003268,0,0,-0.018321,0,0,1000,-50,-23.25
07.08.2026,03:21:00,76320,0,-0.383789,0,0,-6.8125,-0.5625,82.625,-0.009927,0,0,-0.019314,0,0,1025,-50,-24.5625
07.08.2026,03:21:00,76426,0,0.256494,-0.14,-0.75,-7.0625,0.4375,82.75,-0.008793,0,0,-0.020193,0,0,1055,-50,-24
07.08.2026,03:21:00,76532,0,-0.253506,-0.14,-0.64,-7.625,-0.5,83.625,-0.001284,0,0,-0.020322,0,0,1080,-50,-22.125
07.08.2026,03:21:00,76638,0,0.526294,0.1,-0.61,-8.3125,0.125,85.375,-0.00215,0,0,-0.020537,0,0,1105,-50,-20.625
07.08.2026,03:21:00,76744,0,0.135276,0.2,-0.38,-8.6875,-1.125,86.6875,0.030143,0,0,-0.017522,0,0,1130,-50,-19.3125
07.08.2026,03:21:00,76850,0,-0.075264,-0.08,-0.7,-8.6875,-2.375,88.375,0.048052,0,0,-0.012717,0,0,1160,-50,-19.09375
07.08.2026,03:21:00,76956,0,-0.465278,-0.45,-0.03,-7.9375,-2.0625,270.5,0.050253,0,0,-0.007692,0,0,1185,3.25,-21.96875
07.08.2026,03:21:00,77062,0,0.066711,0.38,-0.17,-7.0625,1.25,271.5,-0.008889,0,0,-0.008581,0,0,1210,6.21875,-24.09375
07.08.2026,03:21:00,77168,0,-1.032139,0.19,-0.41,-7.375,0.875,270.375,-0.040735,0,0,-0.012654,0,0,1240,3.5,-23.4375
07.08.2026,03:21:00,77274,0,0.719924,-0.29,-0.79,-7.9375,2.875,267.625,-0.099442,0,0,-0.022599,0,0,1265,-11.84375,-20.875
07.08.2026,03:21:00,77380,0,0.909215,-0.21,0.19,-7.9375,1.9375,264.3125,-0.069971,0,0,-0.029596,0,0,1290,-25.71875,-21.5
07.08.2026,03:21:00,77486,0,-0.222916,0.38,0.57,-7.1875,0.25,262.875,0.005829,0,0,-0.029013,0,0,1320,-28.5,-24.21875
07.08.2026,03:21:00,77592,0,0.866633,-0.15,-1.15,-6.1875,1.1875,264.25,0.031941,0,0,-0.025819,0,0,1345,-25.75,-25.875
07.08.2026,03:21:00,77698,0,-0.082398,0.13,-1.06,-6.4375,1.75,267.125,0.016922,0,0,-0.024126,0,0,1370,-15,-26.4375
07.08.2026,03:21:00,77804,0,0.086654,0.31,-1.67,-7.3125,4.25,269.875,0.086673,0,0,-0.008952,0,0,1395,1.375,-23.8125
07.08.2026,03:21:00,77910,0,-0.103313,-0.05,-0.13,-7.8125,5.5625,272.3125,0.106525,0,0,0.0017,0,0,1425,11.125,-21.40625
07.08.2026,03:21:00,78016,0.009205,1.26016,-0.59,-2.07,-8.125,8.125,275.125,0.150547,0,0,0.016755,0,0,1450,23.15625,-19.696
07.08.2026,03:21:00,78122,0.032729,0.886024,-0.25,0.11,-9.75,-2.8125,277.875,0.191028,0,0,0.035858,0,0,1475,32.90625,-13.5118
07.08.2026,03:21:00,78228,0.071595,-3.891701,-2.97,-1.7,-11.75,-12.0625,279.5625,0.222891,0,0,0.058147,0,0,1505,39.8125,-9.919281
07.08.2026,03:21:00,78334,0.103301,0.808297,-2.62,-3.3,-13.375,-11.375,279.9375,0.149097,0,0,0.073057,0,0,1530,39.4375,1.376419
07.08.2026,03:21:00,78440,0.165691,-1.480065,-0.62,-1.28,-14.6875,-9.875,277.625,0.197014,0,0,0.092758,0,0,1550,28.15625,5.860558
07.08.2026,03:21:00,78546,0.266947,0.841982,0.41,-1.52,-16.125,-1.375,272.9375,0.166909,0,0,0.109449,0,0,1550,15.75,14.53757
07.08.2026,03:21:00,78652,0.338542,0.783242,0.25,-0.3,-17.375,-1.5,270.75,0.217714,0,0,0.13122,0,0,1550,4.75,17.59837
07.08.2026,03:21:00,78758,0.428547,-0.780259,-0.2,1.41,-18.75,-7.75,270.8125,0.307533,0,0,0.161974,0,0,1550,2.5,26.44524
07.08.2026,03:21:00,78864,0.501164,-0.621266,-0.27,1.16,-20.375,-13.3125,272.5625,0.289855,0,0,0.190959,0,0,1550,12.4375,28.85196
07.08.2026,03:21:00,78970,0.554349,1.024158,1.94,0.72,-21.0625,-10.0625,274.3125,0.302093,0,0,0.221168,0,0,1550,18.65625,38.16531
07.08.2026,03:21:00,79076,0.603443,0.512749,1.22,0.94,-19.75,-7.375,275.3125,0.37455,0,0,0.258623,0,0,1550,20.875,34.03002
07.08.2026,03:21:00,79182,0.638218,-0.452856,-0.4,0.81,-18,-8.125,275.5,0.484118,0,0,0.307035,0,0,1550,22.15625,31.25746
07.08.2026,03:21:00,79288,0.648445,0.465175,0.04,0.56,-15.9375,-6.125,274.8125,0.469122,0,0,0.353947,0,0,1550,18.625,21.59319
07.08.2026,03:21:00,79394,0.663787,0.137443,-1.17,-0.09,-14.0625,-7.0625,273.8125,0.506436,0,0,0.404591,0,0,1550,14.46875,16.98357
07.08.2026,03:21:00,79500,0.672992,1.072897,-2.11,-0.78,-12.1875,-2.8125,273,0.541224,0,0,0.510156,0,0,1550,11.53125,10.34602
07.08.2026,03:21:00,79607,0.682197,1.538131,-1.51,-0.91,-10.375,-0.625,272.75,0.670796,0,0,0.577236,0,0,1550,10.75,8.755756
07.08.2026,03:21:00,79713,0.68322,-0.081869,-1.01,-0.17,-9.875,-10.625,273.0625,0.780228,0,0,0.655259,0,0,1550,12.5625,5.698929
07.08.2026,03:21:00,79819,0.691402,-0.348068,-0.91,0.2,-10,-22.3125,273.5625,0.792273,0,0,0.734486,0,0,1550,14.71875,6.327888
07.08.2026,03:21:00,79925,0.654582,-0.343596,-0.93,0.33,-10.625,-31.75,274.3125,0.78538,0,0,0.813024,0,0,1550,17.25,5.449871
07.08.2026,03:21:00,80031,0.652537,0.259924,-0.6,0.39,-11.875,-33.5,275.6875,0.776409,0,0,0.890665,0,0,1550,21.25,9.19883
07.08.2026,03:21:00,80137,0.667878,0.394046,-0.6,0.1,-12.875,-27.875,276.75,0.792259,0,0,0.969891,0,0,1550,25.75,14.01596
07.08.2026,03:21:00,80243,0.66481,0.792883,-0.61,-0.33,-13.5625,-19.875,277.75,0.853714,0,0,1.055262,0,0,1550,31.78125,14.79655
07.08.2026,03:21:00,80349,0.648445,1.329773,-0.57,-0.33,-14.0625,-13.875,278.6875,0.930321,0,0,1.148294,0,0,1550,35.53125,15.37604
07.08.2026,03:21:00,80455,0.668901,1.202525,-0.53,-0.46,-14.375,-12.0625,279.5625,1.040251,0,0,1.25232,0,0,1550,39.1875,20.15578
07.08.2026,03:21:00,80561,0.672992,0.876278,-0.33,-0.26,-14.75,-16,280.6875,1.137957,0,0,1.366115,0,0,1550,43.53125,19.06703
07.08.2026,03:21:00,80667,0.70163,0.471287,-0.41,-0.07,-15.1875,-21,281.375,1.221408,0,0,1.488256,0,0,1550,46.125,20.47781
07.08.2026,03:21:00,80773,0.705721,0.491185,-0.33,0.11,-15.6875,-25.4375,281.8125,1.259949,0,0,1.614251,0,0,1550,47.5625,23.79211
07.08.2026,03:21:00,80879,0.700607,-0.059346,-0.27,0.32,-16,-27.125,282.125,1.300614,0,0,1.744312,0,0,1550,48.65625,23.74207
07.08.2026,03:21:00,80985,0.721063,0.481938,-0.25,-0.2,-15.9375,-25.8125,282.25,1.324186,0,0,1.876731,0,0,1550,49,25.67173
07.08.2026,03:21:00,81091,0.711858,0.521133,-0.14,-0.23,-15.8125,-21.75,282.375,1.364551,0,0,2.013186,0,0,1550,49.25,22.78408
07.08.2026,03:21:00,81197,0.730268,0.870948,-0.23,-0.14,-15.8125,-19.1875,282.5625,1.397923,0,0,2.152978,0,0,1550,49.75,27.19912
07.08.2026,03:21:00,81303,0.739473,0.678133,-0.2,-0.33,-15.875,-17.9375,282.8125,1.506559,0,0,2.448856,0,0,1550,50,28.48782
07.08.2026,03:21:00,81409,0.777316,0.57503,-0.11,-0.21,-15.875,-18.0625,283,1.562587,0,0,2.605115,0,0,1550,50,26.55816
07.08.2026,03:21:00,81515,0.781407,0.350935,-0.14,-0.02,-15.9375,-19.8125,283.0625,1.58945,0,0,2.76406,0,0,1550,50,24.44439
07.08.2026,03:21:00,81621,0.821296,0.409607,-0.1,-0.37,-15.875,-21,282.9375,1.622089,0,0,2.926269,0,0,1550,50,27.57411
07.08.2026,03:21:00,81727,0.840729,0.129004,-0.04,-0.16,-15.8125,-21.5,282.6875,1.646864,0,0,3.090955,0,0,1550,50,26.30646
07.08.2026,03:21:00,81833,0.832547,0.337953,-0.04,0,-15.6875,-21,282.25,1.674229,0,0,3.258378,0,0,1550,48.6875,29.30948
07.08.2026,03:21:00,81939,0.878572,0.167532,0.01,-0.13,-15.5625,-20.0625,281.8125,1.694737,0,0,3.427852,0,0,1550,46.78125,30.00557
07.08.2026,03:21:00,82045,0.899028,0.077015,-0.04,-0.12,-15.3125,-18.5,281.25,1.714994,0,0,3.599351,0,0,1550,45.75,29.0135
07.08.2026,03:21:00,82151,0.905164,0.465864,-0.01,-0.09,-15.125,-17.75,280.8125,1.739674,0,0,3.773319,0,0,1550,43.75,28.82204
07.08.2026,03:21:00,82257,0.949144,0.483241,0,-0.36,-14.9375,-17.75,280.5,1.775845,0,0,3.950903,0,0,1550,42.5,29.08799
07.08.2026,03:21:00,82363,0.941985,0.001222,0.02,-0.07,-14.75,-18.375,280.25,1.804789,0,0,4.131382,0,0,1550,40.6875,28.55618
07.08.2026,03:21:00,82469,1.010511,-0.249934,0.05,0.05,-14.5,-19.125,280,1.824594,0,0,4.313842,0,0,1550,39.6875,28.51189
07.08.2026,03:21:00,82575,1.027898,0.199358,-0.06,-0.2,-14.0625,-19.875,279.5625,1.839343,0,0,4.497776,0,0,1550,38.5,29.44269
07.08.2026,03:21:00,82681,1.035058,-0.071558,0.02,-0.04,-13.6875,-19.8125,279.125,1.85509,0,0,4.683285,0,0,1550,36.1875,23.25491
07.08.2026,03:21:00,82787,1.028921,0.097578,-0.02,-0.09,-13.375,-19.1875,278.625,1.869487,0,0,4.870234,0,0,1550,34.03125,25.99944
07.08.2026,03:21:00,82893,1.036081,0.217073,0.01,-0.33,-13.125,-18.375,278.125,1.879865,0,0,5.05822,0,0,1550,32.03125,25.02502
07.08.2026,03:21:00,82999,1.06165,0.415807,0.11,-0.13,-12.9375,-17.6875,277.4375,1.896406,0,0,5.24786,0,0,1550,29.28125,27.50019
07.08.2026,03:21:00,83105,1.058582,0.28479,0,-0.25,-12.625,-17.375,276.5625,1.926496,0,0,5.631486,0,0,1550,25.78125,25.79617
07.08.2026,03:21:00,83211,1.121995,-0.066692,-0.09,-0.2,-12.3125,-17.5,275.875,1.940552,0,0,5.825541,0,0,1550,23.03125,27.03663
07.08.2026,03:21:00,83317,1.123017,-0.327984,0.09,0.09,-11.875,-17.6875,275.25,1.950359,0,0,6.020577,0,0,1550,20.53125,26.67249
07.08.2026,03:21:00,83423,1.152678,0.211103,-0.08,-0.02,-11.5,-17.875,274.75,1.9484,0,0,6.215417,0,0,1550,18.53125,25.73159
07.08.2026,03:21:00,83529,1.133245,-0.070741,-0.04,-0.12,-11.125,-18,274.25,1.969131,0,0,6.412331,0,0,1550,17.5,24.98386
07.08.2026,03:21:00,83635,1.171088,0.439269,0.09,0.1,-10.75,-18,273.9375,1.968875,0,0,6.609218,0,0,1550,16.25,21.22346
07.08.2026,03:21:00,83741,1.191544,0.365661,0,0.02,-10.375,-18,273.6875,2.001412,0,0,6.80936,0,0,1550,15,22.64521
07.08.2026,03:21:00,83847,1.177225,0.353483,-0.06,-0.2,-9.9375,-18.0625,273.375,2.018982,0,0,7.011258,0,0,1550,13.34375,20.92136
07.08.2026,03:21:00,83953,1.188476,-0.108763,-0.03,0,-9.5,-18.125,273.125,2.036086,0,0,7.214866,0,0,1550,12.34375,18.50425
07.08.2026,03:21:00,84059,1.214045,0.398439,0.04,0.07,-9,-18.25,272.9375,2.057149,0,0,7.420581,0,0,1550,12,17.78096
07.08.2026,03:21:00,84165,1.206886,0.154864,0,0,-8.6875,-18.1875,272.8125,2.083968,0,0,7.628978,0,0,1550,11.09375,16.3497
07.08.2026,03:21:00,84271,1.174157,0.4616,0.01,-0.22,-8.5,-18.125,272.6875,2.10623,0,0,7.839601,0,0,1550,10.59375,17.93108
07.08.2026,03:21:00,84377,1.210977,0.257865,0.11,0.02,-8.25,-18.125,272.5625,2.131354,0,0,8.052736,0,0,1550,10.09375,18.13226
07.08.2026,03:21:00,84483,1.209954,0.42456,-0.02,-0.3,-8.0625,-18.125,272.5,2.150902,0,0,8.267826,0,0,1550,10,14.74688
07.08.2026,03:21:00,84589,1.220182,0.369846,0.03,-0.29,-7.75,-18.0625,272.5,2.182063,0,0,8.486032,0,0,1550,10,16.23678
07.08.2026,03:21:00,84695,1.257002,0.276382,-0.05,0.05,-7.5,-18.125,272.5,2.199656,0,0,8.705998,0,0,1550,10,14.29296
07.08.2026,03:21:00,84801,1.234501,0.280893,0.07,0.23,-7.3125,-18.375,272.625,2.258925,0,0,9.155355,0,0,1550,10.65625,14.09866
07.08.2026,03:21:00,84907,1.210977,0.446307,-0.04,-0.3,-7.0625,-18.5625,272.6875,2.279541,0,0,9.383309,0,0,1550,10.75,15.8988
07.08.2026,03:21:00,85013,1.227341,0.341935,0.1,-0.1,-7,-18.6875,272.8125,2.299223,0,0,9.613232,0,0,1550,11.25,13.98622
07.08.2026,03:21:00,85119,1.198703,0.363008,0,-0.18,-6.8125,-18.5,272.8125,2.318133,0,0,9.845045,0,0,1550,11.25,12.04636
07.08.2026,03:21:00,85225,1.24166,0.40952,-0.03,-0.31,-6.625,-18.25,272.75,2.326379,0,0,10.07768,0,0,1550,10.84375,14.88973
07.08.2026,03:21:00,85331,1.233478,0.196101,0.1,0.01,-6.5625,-18.125,272.6875,2.333393,0,0,10.31102,0,0,1550,10.59375,7.795036
07.08.2026,03:21:00,85437,1.257002,0.412865,0.12,0.15,-6.4375,-18,272.6875,2.338218,0,0,10.54484,0,0,1550,10.75,11.25264
07.08.2026,03:21:00,85543,1.23041,-0.171912,0.06,-0.2,-6.375,-18.125,272.6875,2.356916,0,0,10.78054,0,0,1550,10.75,9.994053
07.08.2026,03:21:00,85649,1.192567,0.365614,0.03,-0.29,-6.375,-18.125,272.75,2.35298,0,0,11.01583,0,0,1550,11,8.643978
07.08.2026,03:21:00,85755,1.180293,0.311249,0.1,-0.06,-6.4375,-18.125,272.8125,2.366805,0,0,11.25251,0,0,1550,11.25,10.6418
07.08.2026,03:21:00,85861,1.206886,0.377339,-0.01,-0.18,-6.5,-18.3125,272.9375,2.375407,0,0,11.49005,0,0,1550,11.90625,10.00368
07.08.2026,03:21:00,85967,1.145519,0.002486,0.13,-0.12,-6.5,-18.375,273.0625,2.392071,0,0,11.72926,0,0,1550,12.25,16.19892
07.08.2026,03:21:00,86073,1.143473,0.129711,0.06,-0.05,-6.5625,-18.4375,273.125,2.388299,0,0,11.96809,0,0,1550,12.25,8.930321
07.08.2026,03:21:00,86179,1.164952,-0.233787,0.02,-0.28,-6.5625,-18.4375,273.125,2.391494,0,0,12.20724,0,0,1550,12.5,12.30551
07.08.2026,03:21:00,86285,1.14961,0.164092,-0.08,-0.22,-6.625,-18.375,273.125,2.381726,0,0,12.44541,0,0,1550,12.5,10.31449
07.08.2026,03:21:00,86391,1.166997,0.03212,0.13,-0.16,-6.625,-18.375,273.125,2.371324,0,0,12.68254,0,0,1550,12.5,13.04532
07.08.2026,03:21:00,86497,1.153701,0.120966,0.1,0.03,-6.625,-18.25,273.125,2.354144,0,0,12.91796,0,0,1185,12.5,11.02021
07.08.2026,03:21:00,86603,1.120972,0.003313,1.09,-0.18,-6.9375,-15.5,273.0625,2.247756,0,0,13.37662,0,0,1000,12.25,10.47413
07.08.2026,03:21:00,86709,1.166997,0.020851,0.89,-0.32,-7,-10.25,273,2.166534,0,0,13.59327,0,0,1000,11.84375,11.28607
07.08.2026,03:21:00,86815,1.176202,0.217542,0.81,-0.45,-7.0625,-5.75,272.875,2.092022,0,0,13.80247,0,0,1000,11.34375,13.80552
07.08.2026,03:21:00,86921,1.208931,0.153404,0.58,-0.44,-7.25,-2.875,272.625,2.026322,0,0,14.0051,0,0,1000,10.5,13.26907
07.08.2026,03:21:00,87027,1.179271,0.102865,0.44,-0.4,-8.3125,-3.0625,271.875,1.946313,0,0,14.19974,0,0,1000,8.25,13.44221
07.08.2026,03:21:00,87133,1.208931,-0.422777,0.37,-0.33,-8.6875,-5.9375,271.125,1.839613,0,0,14.3837,0,0,1000,5.5,13.46091
07.08.2026,03:21:00,87239,1.173134,-0.477982,0.37,-0.21,-9.125,-9.25,270.375,1.708678,0,0,14.55456,0,0,1000,2.25,17.16333
07.08.2026,03:21:00,87345,1.184384,-0.472344,0.28,-0.19,-9.8125,-11.3125,269.75,1.564906,0,0,14.71105,0,0,1000,-1.46875,18.78607
07.08.2026,03:21:00,87451,1.170066,-0.455658,0.21,-0.24,-10.625,-11.5,269.25,1.423042,0,0,14.85336,0,0,1000,-3.46875,23.18778
07.08.2026,03:21:00,87557,1.162906,-0.257815,0.13,-0.34,-11.75,-9.5,268.75,1.288534,0,0,14.98221,0,0,1000,-4.8125,24.66786
07.08.2026,03:21:00,87663,1.161883,-0.238761,0.12,-0.43,-12.5,-7.6875,268.4375,1.163422,0,0,15.09856,0,0,1000,-6.3125,28.152
07.08.2026,03:21:00,87769,1.161883,-0.048386,0.08,-0.49,-13.3125,-6.25,268.3125,1.043641,0,0,15.20292,0,0,1000,-6.75,29.37576
07.08.2026,03:21:00,87875,1.163929,-0.176755,0.07,-0.47,-14.125,-6.0625,268.1875,0.93753,0,0,15.29667,0,0,1000,-7.40625,33.65427
07.08.2026,03:21:00,87981,1.187453,-0.183692,0.06,-0.45,-14.8125,-7,268.1875,0.831486,0,0,15.37982,0,0,1000,-7.25,35.28437
07.08.2026,03:21:00,88087,1.171088,-0.359007,0.02,-0.32,-15.625,-9,268.125,0.724785,0,0,15.4523,0,0,1000,-7.5,36.96677
07.08.2026,03:21:00,88193,1.161883,-0.34236,0,-0.27,-16.125,-10.125,268.125,0.610451,0,0,15.51334,0,0,1000,-7.5,38.12925
07.08.2026,03:21:00,88299,1.170066,-0.373581,0,-0.25,-16.5625,-10.5,268.125,0.496572,0,0,15.563,0,0,1000,-7.5,39.33488
07.08.2026,03:21:00,88405,1.179271,-0.342593,0,-0.25,-16.9375,-10.125,268.0625,0.283116,0,0,15.62999,0,0,1000,-7.75,40
07.08.2026,03:21:00,88511,1.176202,-0.329381,-0.03,-0.29,-17.25,-9.125,268,0.189878,0,0,15.64898,0,0,1000,-8,40
07.08.2026,03:21:00,88617,1.172111,-0.206732,-0.05,-0.33,-17.625,-7.8125,268,0.105922,0,0,15.65957,0,0,1000,-8,40
07.08.2026,03:21:00,88723,1.181316,-0.22759,-0.05,-0.37,-17.875,-7.4375,268.0625,0.033193,0,0,15.66289,0,0,1000,-7.75,40
07.08.2026,03:21:00,88829,1.178248,-0.256702,-0.05,-0.28,-18.0625,-7.8125,268.125,-0.033629,0,0,15.65953,0,0,1000,-7.34375,40
07.08.2026,03:21:00,88935,1.178248,-0.31405,-0.09,-0.23,-18.25,-8.6875,268.1875,-0.098375,0,0,15.64969,0,0,1000,-7.09375,40
07.08.2026,03:21:00,89041,1.185407,-0.33962,-0.08,-0.21,-18.4375,-9.75,268.5,-0.161283,0,0,15.63356,0,0,1000,-5.6875,40
07.08.2026,03:21:00,89147,1.172111,-0.313497,-0.07,-0.23,-18.625,-10,268.6875,-0.21915,0,0,15.61165,0,0,1000,-5.09375,40
07.08.2026,03:21:00,89253,1.181316,-0.335829,-0.14,-0.23,-18.75,-9.8125,268.9375,-0.270137,0,0,15.58464,0,0,1000,-3.9375,40
07.08.2026,03:21:00,89359,1.184384,-0.266844,-0.12,-0.25,-18.9375,-9.25,269.1875,-0.311949,0,0,15.55344,0,0,1000,-2.9375,40
07.08.2026,03:21:00,89465,1.178248,-0.226799,-0.12,-0.28,-19.0625,-8.5625,269.4375,-0.344169,0,0,15.51902,0,0,1000,-2.25,40
07.08.2026,03:21:00,89571,1.188476,-0.205926,-0.11,-0.3,-19.1875,-8.125,269.8125,-0.368074,0,0,15.48222,0,0,1000,-1.25,40
07.08.2026,03:21:00,89677,1.179271,-0.204413,-0.12,-0.28,-19.3125,-8.1875,270.125,-0.385458,0,0,15.44367,0,0,1000,0,40
07.08.2026,03:21:00,89783,1.187453,-0.20237,-0.13,-0.26,-19.375,-8.625,270.5,-0.399261,0,0,15.40374,0,0,1000,1.25,40
07.08.2026,03:21:00,89889,1.176202,-0.229888,-0.12,-0.2,-19.4375,-9.125,270.8125,-0.410107,0,0,15.36273,0,0,1000,3.40625,40
07.08.2026,03:21:00,89995,1.177225,-0.187028,-0.14,-0.21,-19.5,-9.4375,271.25,-0.41919,0,0,15.32082,0,0,1000,5.3125,40
07.08.2026,03:21:00,90101,1.170066,-0.163886,-0.17,-0.2,-19.5,-9.5,271.75,-0.42605,0,0,15.23568,0,0,1000,6.8125,40
07.08.2026,03:21:00,90207,1.176202,-0.15064,-0.17,-0.21,-19.4375,-9.3125,272.1875,-0.422242,0,0,15.19345,0,0,1000,9.0625,40
07.08.2026,03:21:00,90313,1.171088,-0.107439,-0.17,-0.2,-19.375,-9.0625,272.6875,-0.415631,0,0,15.15189,0,0,1000,11.0625,40
07.08.2026,03:21:00,90419,1.171088,-0.104383,-0.17,-0.21,-19.1875,-8.75,273.125,-0.404756,0,0,15.11141,0,0,1000,12.96875,40
07.08.2026,03:21:00,90525,1.158815,-0.049165,-0.18,-0.24,-18.9375,-8.625,273.8125,-0.393317,0,0,15.07208,0,0,1000,14.25,40
07.08.2026,03:21:00,90631,1.158815,-0.097151,-0.15,-0.24,-18.75,-8.75,274.3125,-0.378404,0,0,15.03424,0,0,1000,16.25,40
07.08.2026,03:21:00,90737,1.155746,-0.095545,-0.19,-0.22,-18.5625,-8.9375,274.75,-0.364625,0,0,14.99778,0,0,1000,18.25,40
07.08.2026,03:21:00,90843,1.14245,-0.09432,-0.19,-0.2,-18.375,-9.1875,275.1875,-0.351977,0,0,14.96258,0,0,1000,21.0625,40
07.08.2026,03:21:00,90949,1.134268,-0.073426,-0.17,-0.19,-18.125,-9.3125,275.625,-0.341061,0,0,14.92847,0,0,1000,22.8125,40
07.08.2026,03:21:00,91055,1.1312,-0.082895,-0.17,-0.24,-17.8125,-9.1875,276.125,-0.329311,0,0,14.89554,0,0,1000,24,40
07.08.2026,03:21:00,91161,1.123017,-0.072703,-0.16,-0.21,-17.5625,-9,276.5,-0.318423,0,0,14.8637,0,0,1000,26.3125,40
07.08.2026,03:21:00,91267,1.11279,-0.052934,-0.17,-0.2,-17.3125,-8.6875,276.8125,-0.305059,0,0,14.83319,0,0,1000,27.5625,40
07.08.2026,03:21:00,91373,1.100516,-0.013626,-0.16,-0.23,-17.125,-8.5625,277.125,-0.290599,0,0,14.80413,0,0,1000,28.65625,39.6638
07.08.2026,03:21:00,91479,1.099493,-0.044791,-0.15,-0.2,-16.9375,-8.5625,277.5,-0.27582,0,0,14.77655,0,0,1000,30.3125,38.57968
07.08.2026,03:21:00,91585,1.088243,-0.03636,-0.17,-0.21,-16.6875,-8.8125,277.875,-0.263244,0,0,14.75023,0,0,1000,31.25,37.4342
07.08.2026,03:21:00,91691,1.073924,-0.018349,-0.16,-0.21,-16.5,-9,278.25,-0.250245,0,0,14.7252,0,0,1000,32.5,36.59838
07.08.2026,03:21:00,91797,1.067787,-0.020736,-0.13,-0.22,-16.25,-9.125,278.5625,-0.237938,0,0,14.70141,0,0,1000,34.40625,36.02341
07.08.2026,03:21:00,91903,1.049377,-0.133564,-0.15,-0.15,-16.0625,-9.125,278.9375,-0.215415,0,0,14.65744,0,0,1000,36.0625,34.78871
07.08.2026,03:21:00,92009,1.035058,0.003319,-0.14,-0.18,-15.75,-9,279.25,-0.20564,0,0,14.63687,0,0,1000,37,33.11764
07.08.2026,03:21:00,92115,1.028921,0.016035,-0.14,-0.24,-15.4375,-8.875,279.75,-0.192925,0,0,14.61758,0,0,1000,38.5,31.81533
07.08.2026,03:21:00,92221,1.018693,0.021735,-0.13,-0.22,-15.125,-8.75,280.125,-0.178921,0,0,14.59969,0,0,1000,40,30.81986
07.08.2026,03:21:00,92327,1.00642,0.007043,-0.15,-0.22,-14.8125,-8.75,280.5625,-0.166767,0,0,14.58301,0,0,1000,42.5625,29.04428
07.08.2026,03:21:00,92433,0.981873,0.011968,-0.15,-0.18,-14.4375,-8.9375,281,-0.154911,0,0,14.56752,0,0,1000,44.3125,27.08799
07.08.2026,03:21:00,92539,0.976759,0.016593,-0.16,-0.21,-14,-9.1875,281.5,-0.145665,0,0,14.55295,0,0,1000,45.8125,26.67494
07.08.2026,03:21:00,92645,0.961417,0.000901,-0.14,-0.17,-13.6875,-9.25,281.9375,-0.135787,0,0,14.53937,0,0,1000,48.0625,24.31977
07.08.2026,03:21:00,92751,0.947098,-0.005045,-0.13,-0.21,-13.3125,-9.1875,282.3125,-0.127954,0,0,14.52658,0,0,1000,49.71875,23.00727
07.08.2026,03:21:00,92857,0.933802,0.038782,-0.11,-0.21,-13,-9,282.625,-0.120907,0,0,14.51449,0,0,1000,50,21.08789
07.08.2026,03:21:00,92963,0.91846,0.032376,-0.1,-0.22,-12.75,-8.8125,282.875,-0.11363,0,0,14.50313,0,0,1000,50,20.55552
07.08.2026,03:21:00,93069,0.899028,0.035706,-0.09,-0.23,-12.375,-8.75,283.1875,-0.105411,0,0,14.49258,0,0,1000,50,19.18561
07.08.2026,03:21:00,93175,0.882663,0.048784,-0.08,-0.23,-12.125,-8.8125,283.375,-0.097552,0,0,14.48283,0,0,1000,50,17.79692
07.08.2026,03:21:00,93281,0.865276,0.011629,-0.09,-0.2,-11.9375,-8.9375,283.5,-0.090224,0,0,14.47381,0,0,1000,50,15.91503
07.08.2026,03:21:00,93387,0.851979,0.004322,-0.1,-0.19,-11.75,-8.9375,283.5,-0.085472,0,0,14.46526,0,0,1000,50,15.96621
07.08.2026,03:21:00,93493,0.82641,0.006905,-0.1,-0.2,-11.625,-8.9375,283.5625,-0.082067,0,0,14.45705,0,0,1000,50,14.17353
07.08.2026,03:21:00,93599,0.813114,0.009398,-0.1,-0.2,-11.5,-8.75,283.5,-0.079247,0,0,14.44913,0,0,1000,50,13.64794
07.08.2026,03:21:00,93705,0.793681,0.01177,-0.09,-0.22,-11.375,-8.625,283.4375,-0.072019,0,0,14.43438,0,0,1000,50,12.32515
07.08.2026,03:21:00,93811,0.769134,0.024033,-0.11,-0.24,-11.375,-8.5625,283.375,-0.067993,0,0,14.42758,0,0,1000,50,11.09441
07.08.2026,03:21:00,93917,0.759929,0.036167,-0.11,-0.22,-11.375,-8.5625,283.25,-0.063927,0,0,14.42119,0,0,1000,50,11.6774
07.08.2026,03:21:00,94023,0.741519,0.038173,-0.12,-0.25,-11.3125,-8.625,283.0625,-0.060372,0,0,14.41515,0,0,1000,50,10.13699
07.08.2026,03:21:00,94129,0.709812,0.011852,-0.1,-0.21,-11.3125,-8.625,282.875,-0.056934,0,0,14.40946,0,0,1000,50,9.188633
07.08.2026,03:21:00,94235,0.699585,0.003571,-0.1,-0.22,-11.3125,-8.625,282.75,-0.05484,0,0,14.40397,0,0,1000,50,9.127266
07.08.2026,03:21:00,94341,0.678106,0.035206,-0.11,-0.22,-11.25,-8.625,282.5625,-0.052186,0,0,14.39875,0,0,1000,50,9.093185
07.08.2026,03:21:00,94447,0.650491,0.036773,-0.09,-0.23,-11.25,-8.625,282.4375,-0.050004,0,0,14.39375,0,0,1000,49.75,8.080627
07.08.2026,03:21:00,94553,0.635149,0.038273,-0.09,-0.26,-11.25,-8.625,282.375,-0.047911,0,0,14.38896,0,0,1000,49.5,7.436272
07.08.2026,03:21:00,94659,0.608557,0.029681,-0.09,-0.22,-11.25,-8.625,282.375,-0.044947,0,0,14.38447,0,0,1000,49.5,7.252174
07.08.2026,03:21:00,94765,0.601397,0.041019,-0.1,-0.25,-11.25,-8.625,282.375,-0.042724,0,0,14.3802,0,0,1000,49.5,6.546448
07.08.2026,03:21:00,94871,0.569691,0.042273,-0.12,-0.24,-11.1875,-8.625,282.5,-0.040025,0,0,14.37619,0,0,1000,50,4.057686
07.08.2026,03:21:00,94977,0.552304,0.073424,-0.11,-0.26,-11.125,-8.6875,282.75,-0.036749,0,0,14.37252,0,0,1000,50,4.944111
07.08.2026,03:21:00,95083,0.544121,0.064438,-0.08,-0.22,-10.9375,-8.875,283.1875,-0.032377,0,0,14.36928,0,0,1000,50,3.488953
07.08.2026,03:21:00,95189,0.512415,0.065349,-0.12,-0.23,-10.75,-9,283.625,-0.02908,0,0,14.36637,0,0,1000,50,2.623016
07.08.2026,03:21:00,95295,0.494005,0.096135,-0.12,-0.2,-10.5,-9.0625,284.0625,-0.02508,0,0,14.36386,0,0,1000,50,0.795692
07.08.2026,03:21:00,95401,0.470481,0.106783,-0.11,-0.21,-10.1875,-9.0625,284.625,-0.014415,0,0,14.36036,0,0,1000,50,-0.758308
07.08.2026,03:21:00,95507,0.454116,0.107235,-0.12,-0.2,-9.875,-9.125,285.3125,-0.008357,0,0,14.35952,0,0,1000,50,-2.521431
07.08.2026,03:21:00,95613,0.433661,0.117567,-0.13,-0.19,-9.375,-9.125,286.1875,-0.002235,0,0,14.3593,0,0,1000,50,-2.81514
07.08.2026,03:21:00,95719,0.42957,0.117444,-0.12,-0.18,-8.9375,-9.125,286.875,0.003909,0,0,14.35969,0,0,1000,50,-4.986786
07.08.2026,03:21:00,95825,0.408091,0.117192,-0.12,-0.21,-8.5625,-9.125,287.625,0.008031,0,0,14.36049,0,0,1000,50,-7.523224
07.08.2026,03:21:00,95931,0.384567,0.136793,-0.1,-0.18,-8.1875,-9.125,288.4375,0.01272,0,0,14.36176,0,0,1000,50,-9.949394
07.08.2026,03:21:00,96037,0.373316,0.126261,-0.13,-0.17,-7.75,-9.1875,289.4375,0.01692,0,0,14.36346,0,0,1000,50,-10.97894
07.08.2026,03:21:00,96143,0.34877,0.125625,-0.09,-0.15,-7.5625,-9.1875,290.125,0.020233,0,0,14.36548,0,0,1000,50,-11.69543
07.08.2026,03:21:00,96249,0.330359,0.104939,-0.09,-0.17,-7.3125,-9.25,290.875,0.021791,0,0,14.36766,0,0,1000,50,-14.13642
07.08.2026,03:21:00,96355,0.310926,0.094231,-0.12,-0.15,-7.125,-9.25,291.6875,0.022509,0,0,14.36991,0,0,1000,50,-15.06712
07.08.2026,03:21:00,96461,0.289448,0.093558,-0.11,-0.17,-7,-9.1875,292.4375,0.021371,0,0,14.37205,0,0,1000,50,-15.47281
07.08.2026,03:21:00,96567,0.272061,0.102788,-0.1,-0.2,-6.9375,-9,293.4375,0.024449,0,0,14.37449,0,0,1000,50,-17.00755
07.08.2026,03:21:00,96673,0.250582,0.092075,-0.11,-0.17,-6.875,-8.875,294.25,0.022633,0,0,14.37675,0,0,1000,50,-16.61207
07.08.2026,03:21:00,96779,0.226035,0.101396,-0.11,-0.18,-6.8125,-8.875,295.0625,0.021532,0,0,14.37891,0,0,1000,50,-17.41324
07.08.2026,03:21:00,96885,0.207625,0.050731,-0.36,0,-6.75,-8.875,295.8125,0.021062,0,0,14.38101,0,0,1000,50,-18.33714
07.08.2026,03:21:00,96991,0.190238,0.110113,-0.09,-0.19,-6.75,-9,296.6875,0.019576,0,0,14.38297,0,0,1000,50,-19.5338
07.08.2026,03:21:00,97097,0.173873,0.079484,-0.07,-0.22,-6.8125,-9.0625,297.8125,0.019914,0,0,14.38496,0,0,1000,50,-20.88048
07.08.2026,03:21:00,97203,0.148304,0.098907,-0.07,-0.27,-6.875,-9.0625,298.75,0.017249,0,0,14.38852,0,0,1000,50,-21.46006
07.08.2026,03:21:00,97309,0.122734,0.068361,-0.08,-0.22,-7,-9,299.6875,0.017923,0,0,14.39031,0,0,1000,50,-20.56345
07.08.2026,03:21:00,97415,0.10637,0.077794,-0.09,-0.21,-7.0625,-9,300.6875,0.016144,0,0,14.39192,0,0,1000,50,-20.0356
07.08.2026,03:21:00,97521,0.091028,0.136818,-0.08,-0.34,-7.25,-9.0625,302,0.014674,0,0,14.39339,0,0,1000,50,-21.62717
07.08.2026,03:21:00,97627,0.072618,0.096291,-0.13,-0.28,-7.4375,-9.125,303.0625,0.016621,0,0,14.39505,0,0,1000,50,-20.96979
07.08.2026,03:21:00,97733,0.050116,0.095791,-0.13,-0.33,-7.625,-9.125,304,0.015785,0,0,14.39663,0,0,1000,50,-21.26303
07.08.2026,03:21:00,97839,0.031706,0.115277,-0.14,-0.47,-7.9375,-9,305,0.016189,0,0,14.39825,0,0,1000,50,-20.38406
07.08.2026,03:21:00,97945,0.011251,0.12471,-0.18,-0.91,-8.25,-8.75,306,0.017848,0,0,14.40003,0,0,1000,50,-20.24716
07.08.2026,03:21:00,98051,0.009205,0.223957,-0.17,-1.11,-8.9375,-8.375,307.5,0.023734,0,0,14.40241,0,0,1000,50,-18.50453
07.08.2026,03:21:00,98157,0.017387,0.192905,-0.12,-0.74,-9.5,-8.375,308.75,0.033103,0,0,14.40572,0,0,1000,50,-15.12604
07.08.2026,03:21:00,98263,0.029661,0.111643,-0.09,-0.24,-9.9375,-8.5625,309.9375,0.039701,0,0,14.40969,0,0,1000,50,-14.39653
07.08.2026,03:21:00,98369,0.039889,0.050406,-0.09,0.05,-10.125,-8.75,310.9375,0.038872,0,0,14.41358,0,0,1000,50,-12.78116
07.08.2026,03:21:00,98475,0.042957,0.049385,-0.08,0.07,-10.125,-8.75,311.875,0.032085,0,0,14.41678,0,0,1000,50,-12.69194
07.08.2026,03:21:00,98581,0.056253,0.108594,-0.1,-0.09,-10,-8.5,312.9375,0.024848,0,0,14.41927,0,0,1000,50,-13.16182
07.08.2026,03:21:00,98687,0.059322,0.1279,-0.09,-0.17,-9.875,-8.25,313.6875,0.021787,0,0,14.42145,0,0,1000,50,-14.02776
07.08.2026,03:21:00,98793,0.059322,0.1172,-0.08,-0.16,-9.875,-8.1875,314.375,0.02196,0,0,14.42364,0,0,1000,50,-13.22715
07.08.2026,03:21:00,98899,0.064435,0.076483,-0.05,-0.13,-9.9375,-8.375,315,0.022512,0,0,14.4259,0,0,1000,50,-13.13171
07.08.2026,03:21:00,99005,0.066481,0.05527,-0.04,-0.09,-10.0625,-8.75,315.75,0.01742,0,0,14.4297,0,0,1000,50,-13.06693
07.08.2026,03:21:00,99111,0.059322,0.034864,-0.05,-0.11,-10.0625,-8.9375,316.3125,0.012717,0,0,14.43097,0,0,1000,50,-13.09422
07.08.2026,03:21:00,99217,0.059322,0.0146,-0.07,-0.08,-9.9375,-9,316.8125,0.00828,0,0,14.4318,0,0,1000,50,-13.31241
07.08.2026,03:21:00,99323,0.061367,0.024541,-0.08,-0.08,-9.75,-8.9375,317.375,0.001834,0,0,14.43198,0,0,1000,50,-13.59875
07.08.2026,03:21:00,99429,0.052162,0.034674,-0.11,-0.08,-9.5625,-8.625,317.9375,-0.004149,0,0,14.43157,0,0,1000,50,-14.09988
07.08.2026,03:21:00,99535,0.051139,0.044928,-0.09,-0.13,-9.3125,-8.1875,318.8125,-0.00795,0,0,14.43077,0,0,1000,50,-15.58629
07.08.2026,03:21:00,99641,0.039889,0.055242,-0.08,-0.17,-9.1875,-8.0625,319.5,-0.009833,0,0,14.42979,0,0,1000,50,-15.34763
07.08.2026,03:21:00,99747,0.038866,0.075599,-0.08,-0.23,-9,-8.1875,320.1875,-0.01116,0,0,14.42867,0,0,1000,50,-15.78399
07.08.2026,03:21:00,99853,0.034775,0.075952,-0.06,-0.26,-8.75,-8.5,320.875,-0.011036,0,0,14.42757,0,0,1000,50,-17.80447
07.08.2026,03:21:00,99959,0.024547,0.0863,-0.12,-0.4,-8.4375,-8.9375,321.5625,-0.010862,0,0,14.42648,0,0,1000,50,-19.44486
07.08.2026,03:21:00,100065,0.01841,0.106621,-0.16,-0.59,-8,-9.375,322.5625,-0.010039,0,0,14.42548,0,0,1000,50,-19.86414
07.08.2026,03:21:00,100171,0.026592,0.126879,-0.14,-0.55,-7.9375,-9.3125,323.3125,-0.008044,0,0,14.42467,0,0,1000,50,-20.57383
07.08.2026,03:21:00,100277,0.031706,0.13699,-0.13,-0.44,-8.25,-9.0625,324.0625,-0.003467,0,0,14.42433,0,0,1000,50,-19.67381
07.08.2026,03:21:00,100383,0.032729,0.146913,-0.08,-0.25,-8.6875,-8.6875,324.75,0.002378,0,0,14.42456,0,0,1000,50,-17.30561
07.08.2026,03:21:00,100489,0.033752,0.106685,-0.03,-0.1,-9.0625,-8.5,325.375,0.007118,0,0,14.42527,0,0,1000,50,-16.09422
07.08.2026,03:21:00,100595,0.028638,0.046387,-0.04,-0.02,-9.3125,-8.5,326.3125,0.009297,0,0,14.4262,0,0,1000,50,-16.63633
07.08.2026,03:21:00,100701,0.04398,0.056122,-0.05,-0.04,-9.375,-8.6875,326.9375,0.005058,0,0,14.42754,0,0,1000,50,-15.46695
07.08.2026,03:21:00,100807,0.041934,0.04596,-0.08,-0.09,-9.4375,-8.8125,327.5,0.001617,0,0,14.4277,0,0,1000,50,-15.33459
07.08.2026,03:21:00,100913,0.045003,0.045908,-0.08,-0.11,-9.5,-8.875,328,-0.002529,0,0,14.42745,0,0,1000,50,-14.99368
07.08.2026,03:21:00,101019,0.037843,0.055989,-0.06,-0.13,-9.5625,-8.8125,328.5,-0.003952,0,0,14.42705,0,0,1000,50,-15.02379
07.08.2026,03:21:00,101125,0.040911,0.046274,-0.07,-0.11,-9.625,-8.75,329.1875,-0.004909,0,0,14.42656,0,0,1000,50,-14.71355
07.08.2026,03:21:00,101231,0.032729,0.026499,-0.06,-0.14,-9.6875,-8.6875,329.8125,-0.007025,0,0,14.42586,0,0,1000,50,-14.74084
07.08.2026,03:21:00,101337,0.034775,0.026869,-0.08,-0.18,-9.5625,-8.625,330.5,-0.011533,0,0,14.4247,0,0,1000,50,-15.30277
07.08.2026,03:21:00,101443,0.033752,0.077336,-0.07,-0.25,-9.3125,-8.5625,331.0625,-0.01453,0,0,14.42325,0,0,1000,50,-16.27039
07.08.2026,03:21:00,101549,0.034775,0.107763,-0.08,-0.3,-8.6875,-8.5625,331.8125,-0.013314,0,0,14.42192,0,0,1000,50,-18.47555
07.08.2026,03:21:00,101655,0.021478,0.128065,-0.09,-0.37,-8.125,-8.75,332.25,-0.009389,0,0,14.42098,0,0,1000,50,-20.21591
07.08.2026,03:21:00,101761,0.02557,0.158199,-0.11,-0.42,-7.6875,-9.0625,332.75,-0.004169,0,0,14.42056,0,0,1000,50,-19.81354
07.08.2026,03:21:00,101867,0.035797,0.118127,-0.11,-0.38,-7.5625,-9.5,333.25,0.002239,0,0,14.42079,0,0,1000,50,-20.9931
07.08.2026,03:21:00,101973,0.033752,0.087954,-0.11,-0.28,-7.8125,-9.6875,333.8125,0.005374,0,0,14.42133,0,0,1000,50,-19.86924
07.08.2026,03:21:00,102079,0.031706,0.067773,-0.11,-0.18,-8.4375,-9.5,334.625,0.005637,0,0,14.42189,0,0,1000,50,-18.64256
07.08.2026,03:21:00,102185,0.038866,0.067625,-0.07,-0.1,-8.8125,-9.0625,335.25,0.004615,0,0,14.42235,0,0,1000,50,-17.18288
07.08.2026,03:21:00,102291,0.039889,0.117542,-0.06,-0.09,-9,-8.5625,335.8125,0.002564,0,0,14.42261,0,0,1000,50,-17.23008
07.08.2026,03:21:00,102397,0.03682,0.167397,-0.04,-0.11,-9.0625,-8.375,336.3125,0.004509,0,0,14.42306,0,0,1000,50,-16.27832
07.08.2026,03:21:00,102503,0.039889,0.177087,-0.07,-0.13,-9.125,-8.5,336.8125,0.015941,0,0,14.42562,0,0,1000,50,-15.78399
07.08.2026,03:21:00,102609,0.038866,0.115943,-0.08,-0.15,-9.125,-9.125,337.4375,0.019666,0,0,14.42759,0,0,1000,50,-16.76586
07.08.2026,03:21:00,102715,0.033752,0.055347,-0.06,-0.13,-9.1875,-9.6875,337.9375,0.018532,0,0,14.42944,0,0,1000,50,-16.42494
07.08.2026,03:21:00,102821,0.03682,0.005347,-0.08,-0.13,-9.125,-9.9375,338.375,0.012732,0,0,14.43071,0,0,1000,50,-16.55391
07.08.2026,03:21:00,102927,0.022501,0.014938,-0.08,-0.17,-8.9375,-9.625,338.875,0.00439,0,0,14.43115,0,0,1000,50,-16.71469
07.08.2026,03:21:00,103033,0.035797,0.124829,-0.1,-0.26,-8.5,-8.6875,339.625,-0.000998,0,0,14.43105,0,0,1000,50,-17.0658
07.08.2026,03:21:00,103139,0.030684,0.15481,-0.12,-0.36,-8.125,-8.125,340.1875,0.000581,0,0,14.43111,0,0,1000,50,-20.00453
07.08.2026,03:21:00,103245,0.028638,0.124632,-0.14,-0.38,-7.8125,-7.875,340.75,0.005529,0,0,14.43166,0,0,1000,50,-19.47262
07.08.2026,03:21:00,103351,0.027615,0.104359,-0.11,-0.39,-7.75,-8.125,341.25,0.008508,0,0,14.43251,0,0,1000,50,-20.4306
07.08.2026,03:21:00,103457,0.032729,0.064059,-0.08,-0.29,-7.875,-8.8125,341.625,0.009316,0,0,14.43345,0,0,1000,50,-20.11414
07.08.2026,03:21:00,103563,0.028638,0.013851,-0.06,-0.15,-8.25,-9.625,342.25,0.006482,0,0,14.43409,0,0,1000,50,-19.81533
07.08.2026,03:21:00,103669,0.032729,0.013802,-0.04,-0.12,-8.5625,-9.8125,342.75,0.001532,0,0,14.43425,0,0,1000,50,-18.85622
07.08.2026,03:21:00,103775,0.033752,0.073953,-0.04,-0.13,-8.6875,-9.5,343.3125,-0.004712,0,0,14.43378,0,0,1000,50,-17.70733
07.08.2026,03:21:00,103881,0.03682,0.13422,-0.04,-0.12,-8.6875,-8.9375,343.75,-0.008302,0,0,14.43295,0,0,1000,50,-17.71016
07.08.2026,03:21:00,103987,0.037843,0.154385,-0.04,-0.16,-8.5625,-8.375,344.25,-0.005113,0,0,14.43244,0,0,1000,50,-18.91644
07.08.2026,03:21:00,104093,0.039889,0.14433,-0.05,-0.17,-8.4375,-8.1875,344.75,0.001707,0,0,14.43261,0,0,1000,50,-18.3681
07.08.2026,03:21:00,104199,0.033752,0.07405,-0.04,-0.14,-8.3125,-8.625,345.0625,0.008694,0,0,14.43348,0,0,1000,50,-19.5068
07.08.2026,03:21:00,104305,0.040911,-0.016289,-0.06,-0.09,-8.1875,-9.25,345.4375,0.004448,0,0,14.43498,0,0,1000,50,-18.86925
07.08.2026,03:21:00,104411,0.03682,-0.046432,-0.08,-0.16,-8.0625,-9.5625,345.875,-0.005783,0,0,14.4344,0,0,1000,50,-19.5573
07.08.2026,03:21:00,104517,0.033752,0.064217,-0.11,-0.3,-7.875,-9.25,346.6875,-0.014413,0,0,14.43296,0,0,1000,50,-20.64143
07.08.2026,03:21:00,104623,0.028638,0.074724,-0.1,-0.33,-7.875,-8.6875,347.375,-0.015757,0,0,14.43138,0,0,1000,50,-21.0068
07.08.2026,03:21:00,104729,0.029661,0.095159,-0.09,-0.36,-7.9375,-8.1875,347.875,-0.013529,0,0,14.43003,0,0,1000,50,-19.4357
07.08.2026,03:21:00,104835,0.031706,0.055529,-0.05,-0.27,-8,-7.875,348.3125,-0.01151,0,0,14.42888,0,0,1000,50,-19.89256
07.08.2026,03:21:00,104941,0.03682,0.06591,-0.02,-0.24,-8.125,-8,348.6875,-0.011863,0,0,14.42769,0,0,1000,50,-19.70166
07.08.2026,03:21:00,105047,0.031706,0.066274,-0.02,-0.18,-8.3125,-8.6875,349.25,-0.011321,0,0,14.42656,0,0,1000,50,-18.46695
07.08.2026,03:21:00,105153,0.034775,-0.023401,0,-0.23,-8.4375,-9.375,349.75,-0.010087,0,0,14.42555,0,0,1000,50,-18.09196
07.08.2026,03:21:00,105259,0.038866,0.09703,-0.05,-0.17,-8.4375,-9.8125,350.375,-0.013396,0,0,14.42421,0,0,1000,50,-18.18401
07.08.2026,03:21:00,105365,0.035797,0.057472,-0.05,-0.11,-8.25,-9.75,351,-0.013766,0,0,14.42283,0,0,1000,50,-18.80108
07.08.2026,03:21:00,105471,0.04398,0.027984,-0.07,-0.12,-7.9375,-9.25,351.625,-0.015929,0,0,14.42124,0,0,1000,50,-21.07043
07.08.2026,03:21:00,105577,0.031706,0.058574,-0.04,-0.18,-7.5,-8.25,352.4375,-0.018335,0,0,14.41941,0,0,1000,50,-22.41022
07.08.2026,03:21:00,105683,0.035797,0.169163,-0.06,-0.23,-7.25,-7.75,353.1875,-0.018326,0,0,14.41757,0,0,1000,50,-21.86584
07.08.2026,03:21:00,105789,0.038866,0.239564,-0.07,-0.22,-7.1875,-7.6875,353.75,-0.012463,0,0,14.41633,0,0,1000,50,-22.17947
07.08.2026,03:21:00,105895,0.037843,0.099571,-0.06,-0.2,-7.3125,-8.375,354.125,-0.000221,0,0,14.41631,0,0,1000,50,-22.29258
07.08.2026,03:21:00,106001,0.042957,-0.280689,-0.07,-0.25,-7.75,-9.375,354.5,-0.010403,0,0,14.41607,0,0,1000,50,-20.51416
07.08.2026,03:21:00,106107,0.035797,0.019645,-0.03,-0.4,-8.125,-9.375,355.75,-0.032925,0,0,14.41278,0,0,1000,50,-19.5761
07.08.2026,03:21:00,106213,0.035797,0.270704,-0.04,-0.38,-7.75,-8.4375,356.75,-0.027303,0,0,14.41005,0,0,1000,50,-20.81013
07.08.2026,03:21:00,106319,0.039889,0.351582,0,-0.24,-7.3125,-7.6875,357.3125,-0.0049,0,0,14.40956,0,0,1000,50,-22.20902
07.08.2026,03:21:00,106425,0.038866,0.78174,0.9,-0.12,-7.1875,-7.6875,357.5,0.01616,0,0,14.41118,0,0,1000,50,-22.42211
07.08.2026,03:21:00,106531,0.032729,-0.520569,0.14,0.7,-7.75,-9.75,357.875,0.055623,0,0,14.41674,0,0,1000,50,-21.11244
07.08.2026,03:21:00,106637,0.027615,0.428891,0.24,-0.14,-8.25,-7.1875,359.5,0.016789,0,0,14.41842,0,0,1000,50,-19.76247
07.08.2026,03:21:00,106743,0.024547,0.137605,0.19,-0.46,-8.25,-4.5,1.9375,0.03999,0,0,14.42242,0,0,1000,-50,-19.51019
07.08.2026,03:21:00,106849,0.029661,0.706035,0.08,-1.15,-7.875,-3.25,4.5,0.048851,0,0,14.4273,0,0,1000,-50,-21.53691
07.08.2026,03:21:00,106955,0.011251,0.602828,0.17,-1,-7.9375,-5.25,7.3125,0.09971,0,0,14.43727,0,0,1000,-50,-21.39378
07.08.2026,03:21:00,107061,0.01841,0.408505,-0.04,-0.76,-9.4375,-10.25,12.1875,0.134457,0,0,14.45072,0,0,1000,-50,-17.25963
07.08.2026,03:21:00,107167,0.013296,0.223508,-0.44,-0.39,-11.125,-12.875,16.3125,0.155388,0,0,14.46626,0,0,1000,-50,-10.15455
07.08.2026,03:21:00,107273,0.03682,-0.091036,-0.63,-0.23,-12.6875,-13.375,21.0625,0.141314,0,0,14.48039,0,0,1000,-50,-5.23008
07.08.2026,03:21:00,107379,0.041934,0.055485,-0.71,-0.18,-13.625,-11.875,25.8125,0.108198,0,0,14.49121,0,0,1000,-50,-2.091393
07.08.2026,03:21:00,107485,0.053185,0.162814,-0.29,-0.27,-15.25,-11,30.6875,0.083059,0,0,14.49951,0,0,1000,-50,3.196655
07.08.2026,03:21:00,107591,0.064435,-0.459896,-0.15,0,-17.1875,-11.8125,36.5,0.084258,0,0,14.50794,0,0,1000,-50,7.493298
07.08.2026,03:21:00,107697,0.05523,-0.13044,-0.18,0.09,-18.25,-6.8125,39.75,0.016937,0,0,14.50963,0,0,1000,-50,9.729607
07.08.2026,03:21:00,107803,0.078754,0.400735,-0.52,-0.3,-18.75,-2.5,42.4375,-0.018329,0,0,14.50415,0,0,1000,-50,13.08421
07.08.2026,03:21:00,107909,0.085914,0.491324,-0.38,-0.4,-18.5625,-1.5625,44.5625,-0.001896,0,0,14.50396,0,0,1000,-50,13.60923
07.08.2026,03:21:00,108015,0.113529,-0.078919,-0.57,-0.03,-17.9375,-3.875,47.125,0.009482,0,0,14.5049,0,0,1000,-50,12.30872
07.08.2026,03:21:00,108121,0.119666,0.241515,-0.34,-0.33,-17.125,-3.6875,48.1875,-0.013505,0,0,14.50355,0,0,1000,-50,9.687691
07.08.2026,03:21:00,108227,0.129894,0.122014,-0.46,-0.34,-17,-2.4375,48.4375,-0.015523,0,0,14.502,0,0,1000,-50,10.44911
07.08.2026,03:21:00,108333,0.153418,-0.007545,-0.49,-0.54,-17.4375,-2.1875,48.3125,-0.01371,0,0,14.50063,0,0,1000,-50,11.64455
07.08.2026,03:21:00,108439,0.139099,0.00328,-0.32,-0.9,-18.25,-3.375,48,-0.025648,0,0,14.49806,0,0,1000,-50,14.61782
07.08.2026,03:21:00,108545,0.149327,0.28562,-0.91,-1.1,-20.5,-5.875,47.1875,-0.072775,0,0,14.49079,0,0,1000,-50,20.39917
07.08.2026,03:21:00,108651,0.169782,-0.522212,-0.16,-0.54,-23.4375,-10.25,46.6875,-0.067437,0,0,14.48404,0,0,1000,-50,27.78786
07.08.2026,03:21:00,108757,0.194329,0.150989,0.33,-0.37,-26.3125,-11.6875,45.875,-0.099532,0,0,14.47409,0,0,1000,-50,36.49802
07.08.2026,03:21:00,108863,0.209671,-0.065879,-0.29,-0.23,-28.75,-11.5625,44.5,-0.097411,0,0,14.46435,0,0,1000,-50,40
07.08.2026,03:21:00,108969,0.233195,-0.192759,-0.18,0.04,-29.75,-11.8125,42.5625,-0.09702,0,0,14.45465,0,0,1000,-50,40
07.08.2026,03:21:00,109075,0.262856,-0.359589,-0.16,0.17,-28.5,-13,39.375,-0.098576,0,0,14.44479,0,0,1000,-50,40
07.08.2026,03:21:00,109181,0.271038,-0.315968,-0.3,-0.02,-25.625,-13.25,36.9375,-0.112627,0,0,14.43353,0,0,1000,-50,40
07.08.2026,03:21:00,109287,0.298653,-1.041589,-0.1,0.24,-21.8125,-12.625,34.75,-0.136187,0,0,14.41991,0,0,1000,-50,25.9511
07.08.2026,03:21:00,109393,0.335473,0.064458,0.06,-0.2,-18.125,-8.8125,33,-0.188037,0,0,14.40111,0,0,1000,-50,15.946
07.08.2026,03:21:00,109499,0.343656,0.280859,-0.01,0.14,-13,-1.6875,31.5,-0.199068,0,0,14.3812,0,0,1000,-50,5.4375
07.08.2026,03:21:00,109605,0.370248,0.516645,0.3,-0.47,-10.375,1.875,30.8125,-0.129465,0,0,14.35026,0,0,1000,-50,-1.839127
07.08.2026,03:21:00,109711,0.369225,-1.179192,-0.28,-0.07,-7.6875,1.4375,30.125,-0.077716,0,0,14.34249,0,0,1000,-50,-13.0761
07.08.2026,03:21:00,109817,0.36718,0.153307,-0.17,-0.3,-5.3125,0.9375,29.625,-0.151503,0,0,14.32734,0,0,1000,-50,-19.09082
07.08.2026,03:21:00,109923,0.368202,0.048179,-0.2,-0.02,-3.375,-0.6875,29.1875,-0.117846,0,0,14.31555,0,0,1000,-50,-25.57269
07.08.2026,03:21:00,110029,0.358997,-0.713913,-2.34,-0.56,-1.6875,-0.8125,28.6875,-0.128089,0,0,14.30274,0,0,1000,-50,-30.03238
07.08.2026,03:21:00,110135,0.352861,0.591771,-0.26,-0.48,-0.9375,1.5,28.375,-0.176747,0,0,14.28507,0,0,1000,-50,-31.3733
07.08.2026,03:21:00,110241,0.353883,0.165665,0.51,-0.34,-0.6875,1,28,-0.121115,0,0,14.27296,0,0,1000,-50,-32.90398
07.08.2026,03:21:00,110347,0.337519,0.038599,0.45,-0.14,-0.9375,-2.9375,27.8125,-0.091251,0,0,14.26383,0,0,1000,-50,-34.51662
07.08.2026,03:21:00,110453,0.319109,-0.248732,0.97,-0.05,-1.0625,-8.75,27.75,-0.082989,0,0,14.25553,0,0,1000,-50,-33.46375
07.08.2026,03:21:00,110559,0.306835,-0.706106,0.38,0.3,-1.6875,-15.75,28.1875,-0.081678,0,0,14.24737,0,0,1000,-50,-30.97565
07.08.2026,03:21:00,110665,0.290471,-0.372721,0.22,0.3,-2.3125,-17.6875,29.1875,-0.105265,0,0,14.23684,0,0,1000,-50,-30.3666
07.08.2026,03:21:00,110771,0.281266,-0.028533,0.17,0.01,-3.375,-14.625,30.6875,-0.13022,0,0,14.22382,0,0,1000,-50,-24.91937
07.08.2026,03:21:00,110877,0.263878,0.225494,0.14,-0.24,-4.625,-9,32.375,-0.125251,0,0,14.21129,0,0,1000,-50,-22.35753
07.08.2026,03:21:00,110983,0.252628,0.518634,0.14,-0.43,-5.8125,-4.375,33.75,-0.097643,0,0,14.20153,0,0,1000,-50,-18.46035
07.08.2026,03:21:00,111089,0.226035,0.550068,0.12,-0.5,-7.5,-2,35.5,-0.044605,0,0,14.19707,0,0,1000,-50,-16.5405
07.08.2026,03:21:00,111195,0.218876,0.259651,0.14,-0.42,-8.8125,-4.125,36.625,0.012968,0,0,14.19836,0,0,1000,-50,-12.44618
07.08.2026,03:21:00,111301,0.201489,0.098096,0.15,-0.3,-10,-8.6875,37.6875,0.057634,0,0,14.20896,0,0,1000,-50,-10.38718
07.08.2026,03:21:00,111407,0.192283,-0.113758,0.14,-0.15,-11.25,-12.8125,38.75,0.046733,0,0,14.21364,0,0,1000,-50,-5.280396
07.08.2026,03:21:00,111513,0.171828,-0.08526,0.06,-0.09,-12.4375,-14.4375,39.75,0.031472,0,0,14.21678,0,0,1000,-50,-2.655403
07.08.2026,03:21:00,111619,0.157509,0.022987,0.07,-0.2,-13.6875,-12.375,40.8125,0.023042,0,0,14.21909,0,0,1000,-50,-0.514542
07.08.2026,03:21:00,111725,0.140121,0.18224,0.09,-0.35,-14.4375,-8.9375,41.5,0.023231,0,0,14.22141,0,0,1000,-50,2.195717
07.08.2026,03:21:00,111831,0.138076,0.321052,0.1,-0.47,-15.0625,-6.125,42.0625,0.036942,0,0,14.22511,0,0,1000,-50,4.675797
07.08.2026,03:21:00,111937,0.122734,0.3092,0.08,-0.53,-15.75,-4.375,42.6875,0.057579,0,0,14.23086,0,0,1000,-50,6.066086
07.08.2026,03:21:00,112043,0.104324,0.126851,0.07,-0.45,-16.5625,-5.25,43.5625,0.073069,0,0,14.23817,0,0,1000,-50,6.802963
07.08.2026,03:21:00,112149,0.094096,0.004464,0.05,-0.35,-17.0625,-7.5,44.3125,0.074224,0,0,14.24559,0,0,1000,-50,8.88652
07.08.2026,03:21:00,112255,0.081823,-0.057617,0.04,-0.21,-17.4375,-9.8125,45.0625,0.064705,0,0,14.25206,0,0,1000,-50,9.463181
07.08.2026,03:21:00,112361,0.070572,0.280786,0.43,-0.62,-17.8125,-11.125,45.875,0.049681,0,0,14.25703,0,0,1000,-50,11.24103
07.08.2026,03:21:00,112467,0.064435,-0.05097,1.2,-0.26,-18.75,-11.375,47.0625,0.054606,0,0,14.26249,0,0,1000,-50,13.37849
07.08.2026,03:21:00,112573,0.049094,0.317622,1.18,-0.61,-20.625,-10.3125,47.1875,0.043778,0,0,14.26687,0,0,1000,-50,17.65918
07.08.2026,03:21:00,112679,0.026592,0.006122,0.76,-0.35,-21.9375,-9.75,47.3125,0.046643,0,0,14.27153,0,0,1000,-50,20.19892
07.08.2026,03:21:00,112785,0.022501,-0.035548,-0.12,-0.48,-22,-9.5,47.9375,0.051929,0,0,14.27673,0,0,1000,-50,22.91937
07.08.2026,03:21:00,112891,0.012273,-0.046898,-0.85,-0.45,-20.0625,-8.625,48.8125,0.041997,0,0,14.28093,0,0,1000,-50,13.03635
07.08.2026,03:21:00,112997,0.012273,0.112307,-0.75,-0.7,-17.0625,-8,49.9375,0.024727,0,0,14.2834,0,0,1000,-50,4.184097
07.08.2026,03:21:00,113103,0.013296,-0.179244,-0.81,-0.47,-12.75,-8.5625,51.6875,0.02363,0,0,14.29059,0,0,1000,-50,-5.707893
07.08.2026,03:21:00,113209,0.024547,-0.120004,-0.74,-0.56,-9.0625,-8.0625,52.5625,0.002225,0,0,14.29081,0,0,1000,-50,-19.54825
07.08.2026,03:21:00,113315,0.027615,0.129925,-0.57,-0.6,-6.9375,-7.125,53.3125,0.001492,0,0,14.29096,0,0,1000,-50,-24.70393
07.08.2026,03:21:00,113421,0.038866,0.219877,-0.44,-0.47,-6.6875,-6.625,53.875,0.014789,0,0,14.29244,0,0,1000,-50,-23.49254
07.08.2026,03:21:00,113527,0.042957,-0.01131,-0.28,-0.14,-7.875,-7.5625,55.0625,0.022123,0,0,14.29465,0,0,1000,-50,-21.57949
07.08.2026,03:21:00,113633,0.051139,-0.231724,-0.27,0.12,-9.125,-8.8125,56.125,0.012884,0,0,14.29594,0,0,1000,-50,-16.53738
07.08.2026,03:21:00,113739,0.048071,-0.19135,-0.28,0.05,-10,-9.4375,57.1875,-0.011634,0,0,14.29477,0,0,1000,-50,-14.15446
07.08.2026,03:21:00,113845,0.050116,-0.240372,-0.33,-0.08,-10.5625,-9.1875,58.25,-0.030431,0,0,14.29173,0,0,1000,-50,-12.06467
07.08.2026,03:21:00,113951,0.059322,-0.048796,-0.24,-0.25,-10.875,-7.75,59.25,-0.049011,0,0,14.28683,0,0,1000,-50,-9.546448
07.08.2026,03:21:00,114057,0.052162,0.292875,-0.2,-0.42,-11.375,-4.9375,60.4375,-0.05196,0,0,14.28163,0,0,1000,-50,-9.838554
07.08.2026,03:21:00,114163,0.051139,0.243859,-0.18,-0.37,-11.5625,-4.4375,61.0625,-0.030608,0,0,14.27857,0,0,1000,-50,-9.303337
07.08.2026,03:21:00,114269,0.052162,0.134043,-0.08,-0.25,-11.6875,-5.6875,61.5,-0.005714,0,0,14.278,0,0,1000,-50,-8.219223
07.08.2026,03:21:00,114375,0.058299,-0.056226,-0.16,-0.13,-11.9375,-8.1875,61.8125,0.008359,0,0,14.27884,0,0,1000,-50,-7.405022
07.08.2026,03:21:00,114481,0.042957,-0.306296,-0.28,0.07,-12.25,-10.375,62.0625,0.002196,0,0,14.27906,0,0,1000,-50,-6.219223
07.08.2026,03:21:00,114587,0.04398,-0.155611,-0.26,-0.02,-12.5625,-9.75,62.3125,-0.02132,0,0,14.27693,0,0,1000,-50,-5.778893
07.08.2026,03:21:00,114693,0.04398,0.195778,-0.21,-0.27,-12.8125,-7.1875,62.625,-0.043191,0,0,14.27261,0,0,1000,-50,-5.062408
07.08.2026,03:21:00,114799,0.045003,0.167002,-0.3,-0.33,-12.875,-5.6875,63.0625,-0.038055,0,0,14.2688,0,0,1000,-50,-5.423813
07.08.2026,03:21:00,114905,0.045003,0.067651,-0.27,-0.28,-12.625,-5.6875,63.5625,-0.008092,0,0,14.26597,0,0,1000,-50,-6.547676
07.08.2026,03:21:00,115011,0.038866,0.038162,-0.21,-0.26,-12,-6.75,64.125,-0.00777,0,0,14.26519,0,0,1000,-50,-7.145393
07.08.2026,03:21:00,115117,0.03682,0.178261,-0.15,-0.29,-11.375,-7.625,64.5,-0.003085,0,0,14.26489,0,0,1000,-50,-8.713554
07.08.2026,03:21:00,115223,0.033752,0.18792,-0.04,-0.27,-10.625,-8.9375,64.9375,0.010603,0,0,14.26595,0,0,1000,-50,-11.02493
07.08.2026,03:21:00,115329,0.027615,0.067289,-0.01,-0.23,-9.875,-10.25,65.5,0.019602,0,0,14.26791,0,0,1000,-50,-15.2636
07.08.2026,03:21:00,115435,0.031706,0.076635,-0.06,-0.16,-9.375,-10.25,66.375,0.020365,0,0,14.26994,0,0,1000,-50,-15.80674
07.08.2026,03:21:00,115541,0.027615,0.155839,0,-0.19,-8.75,-8.6875,67.625,0.024751,0,0,14.27242,0,0,1000,-50,-17.67155
07.08.2026,03:21:00,115647,0.039889,0.244767,0,-0.27,-8.25,-7.75,68.6875,0.033316,0,0,14.27575,0,0,1000,-50,-19.21809
07.08.2026,03:21:00,115753,0.039889,0.073263,-0.06,-0.39,-7.75,-7.8125,69.75,0.046786,0,0,14.28043,0,0,1000,-50,-21.29824
07.08.2026,03:21:00,115859,0.029661,0.191697,0.12,-0.48,-7.5,-8.25,71.0625,0.048679,0,0,14.2853,0,0,1000,-50,-22.03975
07.08.2026,03:21:00,115965,0.035797,0.210054,-0.05,-0.25,-7.625,-8.4375,72.4375,0.051103,0,0,14.29041,0,0,1000,-50,-20.61868
07.08.2026,03:21:00,116071,0.032729,0.4184,-0.01,-0.45,-7.8125,-9.125,74.25,0.051448,0,0,14.29555,0,0,1000,-50,-20.76472
07.08.2026,03:21:00,116177,0.042957,-0.043492,0.18,-0.13,-7.8125,-11.3125,75.25,0.058825,0,0,14.30143,0,0,1000,-50,-19.87491
07.08.2026,03:21:00,116283,0.038866,0.174625,0.09,-0.19,-7.6875,-13.6875,76.125,0.058571,0,0,14.30729,0,0,1000,-50,-21.01699
07.08.2026,03:21:00,116389,0.049094,-0.277325,0.07,0.14,-7.5625,-16.1875,77,0.060635,0,0,14.31335,0,0,1000,-50,-19.79305
07.08.2026,03:21:00,116495,0.051139,-0.128644,-0.02,-0.03,-7.5,-15.75,78.5,0.041005,0,0,14.31746,0,0,1000,-50,-20.93174
07.08.2026,03:21:00,116601,0.058299,0.040842,0.02,-0.18,-7.1875,-13.5,79.75,-0.001605,0,0,14.31889,0,0,1000,-50,-22.11697
07.08.2026,03:21:00,116707,0.06239,0.210894,0.07,-0.37,-6.5,-10.6875,81.125,0.004421,0,0,14.31933,0,0,1000,-50,-23.09819
07.08.2026,03:21:00,116813,0.065458,0.180752,-0.01,-0.27,-5.375,-9,82.3125,0.016538,0,0,14.32099,0,0,1000,-50,-27.97148
07.08.2026,03:21:00,116919,0.07364,0.07022,0.03,-0.2,-4.0625,-7.6875,83.1875,0.017691,0,0,14.32276,0,0,1000,-50,-31.47942
07.08.2026,03:21:00,117025,0.075686,0.268899,0,-0.23,-2.8125,-5.9375,84.25,0.023391,0,0,14.3251,0,0,1000,-50,-34.54079
07.08.2026,03:21:00,117131,0.084891,0.247613,-0.04,-0.16,-2.1875,-5.6875,85.0625,0.039999,0,0,14.3291,0,0,1000,-50,-35.17485
07.08.2026,03:21:00,117237,0.085914,0.115994,-0.08,-0.07,-1.9375,-6.625,85.9375,0.050341,0,0,14.33413,0,0,1000,-50,-35.90096
07.08.2026,03:21:00,117343,0.088982,-0.075497,-0.12,0.01,-1.9375,-7.875,86.875,0.046356,0,0,14.33877,0,0,1000,-50,-36.67485
07.08.2026,03:21:00,117449,0.078754,-0.186396,-0.12,0,-2.0625,-8.625,88.125,0.027978,0,0,14.34157,0,0,1000,-50,-36.63113
07.08.2026,03:21:00,117555,0.081823,-0.056588,-0.18,-0.2,-2.3125,-8.3125,89.9375,0.005949,0,0,14.34216,0,0,1000,-50,-35.24301
07.08.2026,03:21:00,117661,0.077732,-0.006387,-0.16,-0.27,-2.4375,-8,91.1875,-0.006244,0,0,14.34154,0,0,1000,-50,-35.41692
07.08.2026,03:21:00,117767,0.074663,0.17397,-0.13,-0.32,-2.75,-8,92.125,-0.011091,0,0,14.34043,0,0,1000,-50,-34.47375
07.08.2026,03:21:00,117873,0.070572,0.184099,-0.04,-0.24,-3.3125,-8.75,92.75,-0.004013,0,0,14.34002,0,0,1000,-50,-32.5658
07.08.2026,03:21:00,117979,0.071595,0.033807,0,0,-4.1875,-10.0625,93.3125,0.009068,0,0,14.34093,0,0,1000,-50,-29.53625
07.08.2026,03:21:00,118085,0.067504,0.173453,-0.01,0.03,-5.4375,-10.625,94.5625,0.011012,0,0,14.34203,0,0,1000,-50,-27.40785
07.08.2026,03:21:00,118191,0.059322,0.133072,-0.07,0.01,-6.125,-10.25,95.6875,0.011862,0,0,14.34322,0,0,1000,-50,-24.74481
07.08.2026,03:21:00,118297,0.050116,0.06252,-0.07,-0.05,-6.5625,-9.375,96.9375,0.017156,0,0,14.34494,0,0,1000,-50,-23.31241
07.08.2026,03:21:00,118403,0.051139,0.16191,-0.13,-0.21,-6.875,-8.75,97.9375,0.02594,0,0,14.34943,0,0,1000,-50,-22.99141
07.08.2026,03:21:00,118509,0.040911,-0.018924,-0.05,-0.03,-7.125,-8.5,98.75,0.010252,0,0,14.35045,0,0,1000,-50,-22.60678
07.08.2026,03:21:00,118615,0.033752,0.140827,0,-0.23,-7.5625,-7.1875,99.875,-0.002524,0,0,14.3502,0,0,1000,-50,-20.53625
07.08.2026,03:21:00,118721,0.030684,0.440599,-0.02,-0.51,-7.8125,-6.375,100.8125,0.007095,0,0,14.35091,0,0,1000,-50,-20.95222
07.08.2026,03:21:00,118827,0.029661,0.159615,0.01,-0.44,-8,-7.1875,101.4375,0.030607,0,0,14.35397,0,0,1000,-50,-20.51247
07.08.2026,03:21:00,118933,0.027615,-0.021418,-0.07,-0.23,-8.125,-8.6875,102.125,0.032108,0,0,14.35718,0,0,1000,-50,-18.59706
07.08.2026,03:21:00,119039,0.029661,-0.092044,-0.11,-0.26,-8.375,-10.125,103.125,0.019466,0,0,14.35913,0,0,1000,-50,-19.2619
07.08.2026,03:21:00,119145,0.027615,-0.022236,-0.1,-0.25,-8.5,-9.8125,104,0.005982,0,0,14.35972,0,0,1000,-50,-18.85905
07.08.2026,03:21:00,119251,0.033752,0.497684,-0.04,-0.22,-8.5,-8.875,104.875,0.002472,0,0,14.35997,0,0,1000,-50,-18.5795
07.08.2026,03:21:00,119357,0.03682,0.436728,-0.06,-0.1,-8.3125,-9.1875,105.5,0.029729,0,0,14.36294,0,0,1000,-50,-17.91748
07.08.2026,03:21:00,119463,0.039889,0.154845,-0.04,0.04,-7.75,-11.625,105.9375,0.058579,0,0,14.3688,0,0,1000,-50,-21.4545
07.08.2026,03:21:00,119569,0.035797,-0.387121,-0.07,0.26,-6.875,-15.4375,106.4375,0.061117,0,0,14.37491,0,0,1000,-50,-22.45902
07.08.2026,03:21:00,119675,0.038866,-0.567938,-0.09,0.15,-6.25,-15.3125,107,0.025424,0,0,14.37746,0,0,1000,-50,-24.14993
07.08.2026,03:21:00,119781,0.03682,-0.276937,-0.05,-0.2,-6.125,-11.9375,107.5625,-0.031141,0,0,14.37434,0,0,1000,-50,-25.98064
07.08.2026,03:21:00,119887,0.03682,0.145248,-0.04,-0.45,-6.5,-6.0625,108,-0.067954,0,0,14.36755,0,0,1000,-50,-23.92664
07.08.2026,03:21:00,119993,0.035797,0.507425,-0.07,-0.65,-7.125,-1.4375,108.375,-0.067694,0,0,14.36078,0,0,1000,-50,-22.29711
07.08.2026,03:21:00,120099,0.033752,0.488204,-0.03,-0.64,-8.1875,-1.25,108.75,-0.024206,0,0,14.35836,0,0,1000,-50,-20.29768
07.08.2026,03:21:00,120205,0.026592,0.297452,-0.04,-0.36,-8.8125,-6.6875,109.1875,0.049661,0,0,14.36566,0,0,1000,-50,-17.74084
07.08.2026,03:21:00,120311,0.030684,-0.144145,-0.01,0.16,-9.125,-12.9375,109.6875,0.048964,0,0,14.37056,0,0,1000,-50,-16.67097
07.08.2026,03:21:00,120417,0.029661,-0.275719,0.11,0.43,-9,-14.9375,110,0.014527,0,0,14.37201,0,0,1000,-50,-18.4324
07.08.2026,03:21:00,120523,0.02557,-0.685217,0.12,0.52,-8.75,-14.625,110.5625,-0.030153,0,0,14.36899,0,0,1000,-50,-17.64483
07.08.2026,03:21:00,120629,0.015342,-0.552327,0.09,0.2,-8.4375,-12.5,110.9375,-0.089879,0,0,14.36001,0,0,1000,-50,-18.48688
07.08.2026,03:21:00,120735,0.010228,0.30155,-0.01,-0.32,-7.8125,-9,110.9375,-0.120563,0,0,14.34795,0,0,1000,-50,-20.69317
07.08.2026,03:21:00,120841,0,0.194386,-0.11,-0.57,-7.0625,-7.9375,110.25,-0.088175,0,0,14.33913,0,0,1000,-50,-24.06647
07.08.2026,03:21:00,120947,0,-0.023698,-0.01,-0.53,-7.1875,-8.1875,109.5625,-0.059575,0,0,14.33317,0,0,1000,-50,-22.8767
07.08.2026,03:21:00,121053,0,-0.231875,0.37,-0.14,-8.625,-8.25,108.5,-0.056697,0,0,14.3275,0,0,1000,-50,-20.4375
07.08.2026,03:21:00,121159,0,0.410255,-0.07,-0.12,-9.5,-5.9375,107.375,-0.066246,0,0,14.32088,0,0,1000,-50,-17.25
07.08.2026,03:21:00,121265,0,0.311702,-0.11,0.22,-9.4375,-4.9375,105.9375,-0.045005,0,0,14.31638,0,0,1000,-50,-16.5
07.08.2026,03:21:00,121371,0,-1.34811,-0.13,0.9,-8.9375,-7.4375,103.875,-0.005833,0,0,14.3158,0,0,1000,-50,-18.65625
07.08.2026,03:21:00,121477,0,-1.854801,-0.08,1.32,-7.9375,-5.5625,101.25,-0.102895,0,0,14.30551,0,0,1000,-50,-21.96875
07.08.2026,03:21:00,121583,0,1.452601,-0.18,-1.11,-8.3125,3.0625,99.625,-0.230197,0,0,14.28249,0,0,1000,-50,-20.75
07.08.2026,03:21:00,121689,0,-0.354733,0,0.18,-10.0625,-2.1875,98.5625,-0.082906,0,0,14.2742,0,0,1000,-50,-13.5625
07.08.2026,03:21:00,121795,0,-0.785038,0.34,1.3,-11.875,-5.875,98.1875,0.009495,0,0,14.27515,0,0,1000,-50,-7.5
07.08.2026,03:21:00,121901,0,-2.122171,0.4,1.83,-12.4375,-7.0625,97.5625,-0.220006,0,0,14.24423,0,0,1000,-50,-7.84375
07.08.2026,03:21:00,122007,0,0.054492,0.1,1.38,-10.75,-3.375,96.8125,-0.298155,0,0,14.21441,0,0,1000,-50,-10.6875
07.08.2026,03:21:00,122113,0,0.042419,-0.05,2.25,-10.0625,-5.4375,96.375,-0.246522,0,0,14.18976,0,0,1000,-50,-14.8125
07.08.2026,03:21:00,122219,0,0.019875,-0.11,1.97,-11.375,-8.3125,95.625,-0.231849,0,0,14.16658,0,0,1000,-50,-12.5625
07.08.2026,03:21:00,122325,0,0.735131,0.06,0.46,-13.625,-6.8125,93.3125,-0.163459,0,0,14.15023,0,0,1000,-50,-6
07.08.2026,03:21:00,122431,0,0.007838,0,-1.6,-14.5625,-6.4375,90.5,-0.084179,0,0,14.14181,0,0,1000,-50,-1.3125
07.08.2026,03:21:00,122537,0,0.529893,-0.51,-3.47,-12.4375,-4.8125,87.5625,-0.063919,0,0,14.13542,0,0,1000,-50,-7.28125
07.08.2026,03:21:00,122643,0,0.010767,-0.28,-3.34,-9.4375,-3.875,86,-0.027158,0,0,14.1327,0,0,1000,-50,-13.3125
07.08.2026,03:21:00,122749,0,-0.238243,0.04,-2.94,-8,1.6875,84.0625,-0.030801,0,0,14.12962,0,0,1000,-50,-20.0625
07.08.2026,03:21:00,122855,0,0.653043,0.15,-2.09,-8.3125,8.375,80.3125,-0.039995,0,0,14.12562,0,0,1000,-50,-19.4375
07.08.2026,03:21:00,122961,0,1.382489,0.05,-1.73,-9.625,11.875,74.0625,0.017224,0,0,14.12735,0,0,1000,-50,-15.03125
07.08.2026,03:21:00,123067,0,-1.401612,-0.83,-0.4,-10.625,9.8125,63.0625,0.127547,0,0,14.1401,0,0,1000,-50,-12.8125
07.08.2026,03:21:00,123173,0,-1.264073,-1.08,-0.29,-10,8.5625,54.6875,0.076513,0,0,14.14775,0,0,1000,-50,-14.25
07.08.2026,03:21:00,123279,0,-0.451875,-0.67,-0.09,-9.625,9.875,46.625,-0.068354,0,0,14.14092,0,0,1000,-50,-16.125
07.08.2026,03:21:00,123385,0,-0.208758,-0.34,-0.37,-9.75,9.625,39.1875,-0.096913,0,0,14.13123,0,0,1000,-50,-15.4375
07.08.2026,03:21:00,123491,0,-0.234897,-0.32,-0.24,-10.8125,9.75,30.9375,-0.120064,0,0,14.11922,0,0,1000,-50,-13.3125
07.08.2026,03:21:00,123597,0,-0.011625,-0.23,-0.18,-11,9.8125,26.4375,-0.101762,0,0,14.10904,0,0,1000,-50,-11.8125
07.08.2026,03:21:00,123703,0,-0.248343,-0.04,-0.28,-10.75,9.5625,24.1875,-0.073222,0,0,14.09152,0,0,1000,-50,-12.375
07.08.2026,03:21:00,123809,0,-1.795989,0.22,-0.6,-10.3125,6.0625,22.5,-0.144583,0,0,14.07706,0,0,1000,-50,-14.21875
07.08.2026,03:21:00,123915,0,-0.171339,0.85,0.02,-10.3125,5.9375,21.9375,-0.245247,0,0,14.05253,0,0,1000,-50,-14.0625
07.08.2026,03:21:00,124021,0,-0.426727,0.58,-0.44,-11.3125,4.625,19,-0.209151,0,0,14.03162,0,0,1000,-50,-11.0625
07.08.2026,03:21:00,124127,0,-0.919443,0.21,-0.58,-12.9375,2.8125,15.75,-0.226515,0,0,14.00897,0,0,1000,-50,-4.9375
07.08.2026,03:21:00,124233,0,0.049039,0.32,-0.82,-14.4375,2.5625,13.75,-0.263776,0,0,13.98259,0,0,1000,-50,-0.75
07.08.2026,03:21:00,124339,0,0.766147,0.27,-0.02,-13.8125,2.875,12.6875,-0.221059,0,0,13.96048,0,0,1000,-50,-4.8125
07.08.2026,03:21:00,124445,0,0.84993,-0.01,0.7,-10.75,3.25,11.4375,-0.117636,0,0,13.94872,0,0,1000,-50,-15.40625
07.08.2026,03:21:00,124551,0,-2.81776,-0.12,-0.62,-6.9375,0,9.9375,-0.071838,0,0,13.94153,0,0,1000,-50,-22.5
07.08.2026,03:21:00,124657,0,0.640649,-0.44,-0.28,-6.875,7.3125,7.8125,-0.261498,0,0,13.91539,0,0,1000,-50,-25.5
07.08.2026,03:21:00,124763,0,-0.642293,-0.06,-1.25,-9.625,5.25,5.75,-0.219489,0,0,13.89344,0,0,1000,-50,-18.9375
07.08.2026,03:21:00,124869,0,0.664666,-0.14,-0.63,-11.875,5.3125,4.4375,-0.216398,0,0,13.8718,0,0,1000,-50,-11.0625
07.08.2026,03:21:00,124975,0,-0.140721,0.04,0.35,-12.75,4.5625,4.5,-0.143461,0,0,13.85745,0,0,1000,-50,-6.28125
07.08.2026,03:21:00,125081,0,-2.156814,0.2,0.45,-11.8125,2.1875,7.6875,-0.121493,0,0,13.8453,0,0,1000,-50,-9.21875
07.08.2026,03:21:00,125187,0,0.096836,0.39,-0.37,-10.6875,2.625,11.125,-0.113506,0,0,13.83395,0,0,1000,-50,-12.40625
07.08.2026,03:21:00,125293,0,-0.613282,-0.21,-0.87,-9.75,3,14.1875,-0.307288,0,0,13.80322,0,0,1000,-50,-16.53125
07.08.2026,03:21:00,125399,0,0.183594,-0.15,-0.74,-9.1875,3.875,15.9375,-0.213831,0,0,13.78184,0,0,1000,-50,-17.75
07.08.2026,03:21:00,125505,0,0.030334,0.14,-0.17,-9.25,6.25,16,-0.139268,0,0,13.74695,0,0,1000,-50,-17.09375
07.08.2026,03:21:00,125611,0,-0.783356,-0.05,0.62,-9.5625,5.8125,14,-0.056957,0,0,13.74126,0,0,1000,-50,-16.3125
07.08.2026,03:21:00,125717,0,-1.066141,-0.51,-0.4,-9.5,5.625,10.25,-0.224378,0,0,13.71882,0,0,1000,-50,-16.6875
07.08.2026,03:21:00,125823,0,-1.599222,-0.46,-0.5,-10.375,4.5,6.3125,-0.215169,0,0,13.6973,0,0,1000,-50,-15.375